 [
      {
        "id": 1,
        "name": "Rice",
        "category": "Food",
        "description": "Staple food item, widely consumed in Bangladesh.",
        "price": "50 - 80 TK per kg",
        "origin": "Bangladesh"
      },
      {
        "id": 2,
        "name": "Cooking Oil",
        "category": "Food",
        "description": "Vegetable oil used for cooking and frying.",
        "price": "120 - 200 TK per liter",
        "origin": "Bangladesh"
      },
      {
        "id": 3,
        "name": "Sugar",
        "category": "Food",
        "description": "Commonly used sweetener in daily life.",
        "price": "70 - 90 TK per kg",
        "origin": "Bangladesh"
      },
      {
        "id": 4,
        "name": "Salt",
        "category": "Food",
        "description": "Essential item for seasoning food.",
        "price": "15 - 30 TK per kg",
        "origin": "Bangladesh"
      },
      {
        "id": 5,
        "name": "Toothpaste",
        "category": "Personal Care",
        "description": "Used for oral hygiene.",
        "price": "30 - 150 TK per tube",
        "origin": "Bangladesh"
      },
      {
        "id": 6,
        "name": "Toilet Paper",
        "category": "Personal Care",
        "description": "Essential hygiene product for daily use.",
        "price": "40 - 100 TK per pack",
        "origin": "Bangladesh"
      },
      {
        "id": 7,
        "name": "Laundry Detergent",
        "category": "Household",
        "description": "Used for cleaning clothes and fabrics.",
        "price": "50 - 250 TK per pack",
        "origin": "Bangladesh"
      },
      {
        "id": 8,
        "name": "Milk",
        "category": "Food",
        "description": "Dairy product, available in packaged form.",
        "price": "50 - 100 TK per liter",
        "origin": "Bangladesh"
      },
      {
        "id": 9,
        "name": "Bread",
        "category": "Food",
        "description": "Commonly consumed as a breakfast item or snack.",
        "price": "30 - 60 TK per loaf",
        "origin": "Bangladesh"
      },
      {
        "id": 10,
        "name": "Eggs",
        "category": "Food",
        "description": "Basic protein source widely used in cooking.",
        "price": "10 - 15 TK per egg",
        "origin": "Bangladesh"
      }
    ]

  